video,signal_name,out_png
stu9_71,knee_flex,outputs\01_preview\joint_variant_requested_videos\stu9_71_knee_flex_theta_phi_0_10s.png
stu9_71,hip_flex,outputs\01_preview\joint_variant_requested_videos\stu9_71_hip_flex_theta_phi_0_10s.png
stu9_71,trunk_pitch,outputs\01_preview\joint_variant_requested_videos\stu9_71_trunk_pitch_theta_phi_0_10s.png
stu9_64,knee_flex,outputs\01_preview\joint_variant_requested_videos\stu9_64_knee_flex_theta_phi_0_10s.png
stu9_64,hip_flex,outputs\01_preview\joint_variant_requested_videos\stu9_64_hip_flex_theta_phi_0_10s.png
stu9_64,trunk_pitch,outputs\01_preview\joint_variant_requested_videos\stu9_64_trunk_pitch_theta_phi_0_10s.png
stu8_46,elbow_flex,outputs\01_preview\joint_variant_requested_videos\stu8_46_elbow_flex_theta_phi_0_10s.png
stu8_46,shoulder_ang,outputs\01_preview\joint_variant_requested_videos\stu8_46_shoulder_ang_theta_phi_0_10s.png
stu8_46,trunk_pitch,outputs\01_preview\joint_variant_requested_videos\stu8_46_trunk_pitch_theta_phi_0_10s.png
