video_id,split,action,true_count,pred_count,abs_err,pred_periods_json,true_periods_json,candidate_count,accepted_count,mean_confidence,mean_var_norm,mean_flip_rate,mean_pause_rate,conf_phase,conf_r,conf_var,conf_flip,conf_pause,vote_k,status,method
stu10_43,test,push_up,17,15,2,"[[51,143],[143,250],[250,343],[343,437],[437,527],[527,618],[884,971],[971,1069],[1069,1156],[1156,1245],[1245,1348],[1348,1444],[1444,1533],[1533,1623],[1623,1724]]","[[4,106],[106,200],[200,287],[288,376],[376,471],[471,567],[567,664],[798,916],[916,1015],[1015,1106],[1106,1211],[1211,1304],[1304,1397],[1398,1482],[1482,1576],[1576,1668],[1668,1757]]",17,15,0.6206419595829744,1.577325869108448,0.15545352522723646,0.7484918934475425,0.7025709478617622,0.8339008595429215,0.21846399847552955,0.6438905247939868,0.19120566672595019,2,ok,proposed_phase_vote
stu10_48,test,push_up,5,3,2,"[[288,340],[340,391],[765,820]]","[[244,322],[322,368],[368,422],[738,798],[798,853]]",8,3,0.7087484890445346,1.6179235821289863,0.19683206583310006,0.6799876791237085,0.3635136534844397,0.8820957019925117,0.20750651950038082,0.5888070476000012,0.22954028365081922,2,ok,proposed_phase_vote
stu4_47,test,push_up,37,21,16,"[[103,128],[128,153],[180,207],[207,232],[259,285],[544,568],[595,622],[622,651],[651,680],[680,709],[709,739],[739,771],[771,803],[834,871],[871,908],[908,954],[954,994],[994,1058],[1366,1421],[1421,1483],[1483,1577]]","[[84,104],[105,132],[132,156],[156,187],[188,214],[215,241],[242,266],[267,292],[293,319],[321,343],[344,366],[368,396],[397,423],[424,452],[454,476],[476,502],[504,529],[531,556],[557,584],[587,607],[609,639],[642,663],[664,697],[698,724],[728,759],[759,787],[789,817],[818,850],[853,888],[889,935],[937,976],[979,1019],[1019,1096],[1324,1391],[1394,1436],[1440,1528],[1533,1623]]",52,21,0.6169263319158657,1.4121057475295165,0.15065267144156433,0.6475036762575043,0.3521218720322734,0.8194597349621546,0.2604309109216899,0.6831643661774534,0.2520273487126123,2,ok,proposed_phase_vote
stu5_62,test,squat,32,27,5,"[[92,122],[122,156],[156,189],[189,221],[221,255],[255,290],[290,325],[325,359],[359,394],[394,429],[459,496],[496,529],[529,568],[568,600],[600,639],[915,1013],[1013,1050],[1050,1082],[1082,1123],[1123,1160],[1160,1204],[1239,1280],[1280,1321],[1321,1362],[1362,1405],[1405,1447],[1493,1535]]","[[74,104],[104,134],[134,171],[171,204],[204,236],[236,268],[268,302],[302,337],[337,371],[371,407],[407,446],[446,479],[479,512],[512,546],[546,583],[583,619],[619,654],[654,990],[990,1027],[1027,1065],[1065,1101],[1101,1138],[1138,1181],[1181,1219],[1219,1258],[1258,1300],[1300,1343],[1343,1385],[1385,1425],[1425,1470],[1470,1510],[1510,1559]]",30,27,0.6530103136140469,1.0492473249680099,0.08657517440700589,0.6230652150534144,0.6526779630671753,0.8941640976402495,0.36587908004766495,0.8003256826115211,0.2588179318224122,2,ok,proposed_phase_vote
stu8_71,test,squat,4,3,1,"[[8,97],[97,174],[174,249]]","[[1,53],[53,128],[128,204],[204,288]]",3,3,0.6292695932026957,1.1026987567437536,0.12597346149977728,0.8616247007258243,0.7555926305879681,0.7770630915959676,0.342751454803743,0.7016171275192258,0.14964635299869689,2,ok,proposed_phase_vote
stu9_36,test,pull_up,11,9,2,"[[47,105],[105,169],[169,223],[279,343],[343,407],[407,461],[461,534],[534,581],[581,649]]","[[20,82],[82,144],[144,202],[202,261],[261,323],[323,387],[387,444],[444,504],[504,566],[566,631],[631,702]]",11,9,0.5545136912320469,1.343471878921901,0.20475328585824448,0.6346428351060222,0.562618420492478,0.7940789677880027,0.2698070162455898,0.5668534421935435,0.25096170126408385,2,ok,proposed_phase_vote
stu9_64,test,squat,14,13,1,"[[84,158],[158,234],[234,309],[309,379],[379,458],[458,548],[621,712],[712,795],[795,876],[876,965],[965,1049],[1049,1127],[1127,1204]]","[[61,126],[127,203],[203,273],[273,345],[345,426],[426,515],[515,594],[594,670],[670,761],[761,847],[847,927],[927,1008],[1008,1093],[1093,1169]]",15,13,0.5636677170373334,1.231593028956809,0.12894777987232853,0.7252428279272438,0.5203485638071464,0.833163693216112,0.29819596424765044,0.6954525485296265,0.21418021933675774,2,ok,proposed_phase_vote
test1454,test,pull_up,6,4,2,"[[2,21],[21,40],[40,62],[62,88]]","[[25,66],[66,109],[109,151],[151,199],[199,243],[243,286]]",13,4,0.6466997101855602,0.7501670099197051,0.059186822546680486,0.46504313998122043,0.3705039159686039,0.7941713684644455,0.4963281467161482,0.8609694221122072,0.41744002868260627,2,ok,proposed_phase_vote
train2508,test,pull_up,4,1,3,"[[206,276]]","[[41,90],[90,133],[133,241],[241,299]]",5,1,0.5933959780939158,1.2740420667768222,0.20578039301151432,0.599198309835317,0.2766249591492065,0.8533746361732483,0.285455671853142,0.571510650199849,0.2803669609237094,2,ok,proposed_phase_vote
val1244,test,squat,1,1,0,"[[85,117]]","[[5,109]]",3,1,0.5649977920496697,1.6947197510764367,0.19694397283531406,0.6266044061302681,0.20037355440809196,0.9187066290113661,0.1914528164500251,0.6010427737016474,0.2550080401936097,2,ok,proposed_phase_vote
stu10_64,train,squat,2,0,2,[],"[[0,105],[105,352]]",3,0,0.0,1.8128757832871836,0.2732504532504533,0.6471330020028189,0.13405251736270327,0.8110630777147081,0.17217232861974083,0.47022421290594757,0.2417177977912536,2,ok,proposed_phase_vote
stu1_50,train,push_up,13,5,8,"[[624,680],[732,788],[788,844],[844,914],[914,978]]","[[504,545],[545,587],[587,636],[636,694],[694,749],[771,814],[814,866],[866,931],[931,996],[1005,1045],[1045,1103],[1103,1160],[1160,1225]]",20,5,0.5283665238081865,1.7192911048615938,0.1872136281827315,0.7042535198641856,0.23160694939564572,0.8332804863651594,0.19244424420054754,0.5992874400484245,0.2149544702496101,2,ok,proposed_phase_vote
stu3_38,train,pull_up,9,5,4,"[[304,352],[475,496],[496,515],[598,642],[1047,1089]]","[[10,87],[87,161],[161,237],[237,328],[329,427],[427,570],[570,673],[673,862],[862,1087]]",44,5,0.49488393771318206,1.4550563761922366,0.29160379041954265,0.48765516885297167,0.18157480710324855,0.7828967160347736,0.23866358016725994,0.46160485089146563,0.3549955827700223,2,ok,proposed_phase_vote
stu3_44,train,push_up,11,8,3,"[[41,72],[175,211],[211,247],[247,284],[284,320],[320,364],[364,408],[408,450]]","[[19,61],[156,193],[193,230],[230,269],[269,306],[306,339],[339,387],[387,428],[429,471],[471,512],[512,548]]",18,8,0.5961313010238729,1.3590327653943035,0.18330312106045094,0.6596117974022727,0.3025098836239167,0.8207146495028779,0.2864649558663038,0.6413522053334709,0.24517010578565582,2,ok,proposed_phase_vote
stu3_48,train,push_up,54,46,8,"[[489,516],[516,538],[538,560],[586,609],[609,631],[631,656],[656,679],[679,701],[701,724],[724,745],[745,768],[768,790],[790,813],[813,835],[835,858],[858,882],[882,904],[904,926],[926,949],[949,973],[973,996],[996,1019],[1019,1042],[1042,1065],[1065,1089],[1089,1109],[1109,1135],[1135,1158],[1158,1183],[1183,1207],[1207,1231],[1231,1256],[1256,1281],[1281,1308],[1308,1331],[1331,1355],[1355,1381],[1381,1406],[1406,1431],[1431,1461],[1461,1486],[1486,1517],[1517,1548],[1548,1582],[1610,1654],[1654,1690]]","[[14,42],[42,89],[89,115],[115,137],[137,160],[461,505],[505,533],[533,557],[557,580],[580,602],[602,626],[627,650],[650,675],[675,697],[697,719],[719,741],[741,765],[765,786],[786,809],[809,832],[832,854],[854,878],[878,903],[903,922],[922,945],[945,968],[968,992],[992,1014],[1014,1039],[1039,1067],[1067,1094],[1094,1115],[1115,1136],[1136,1159],[1159,1184],[1184,1211],[1211,1232],[1232,1258],[1258,1277],[1277,1305],[1305,1329],[1329,1353],[1353,1380],[1380,1406],[1406,1433],[1433,1461],[1461,1489],[1489,1510],[1510,1541],[1541,1572],[1572,1608],[1608,1645],[1645,1688],[1688,1736]]",60,46,0.6602981233394599,0.9285724354328225,0.12919419479198577,0.5069587718173769,0.5319651474158003,0.8421041284998257,0.41203663997419127,0.7281825562643052,0.34998397453058494,2,ok,proposed_phase_vote
stu3_60,train,squat,4,4,0,"[[37,74],[74,114],[114,154],[154,192]]","[[8,65],[65,111],[111,150],[150,187]]",4,4,0.5782131942043732,1.2343700201364471,0.13658851158851157,0.4915184921763868,0.6301974646634442,0.7248440807064375,0.29518079266780783,0.6800749632767905,0.3487702880601822,2,ok,proposed_phase_vote
stu3_72,train,squat,1,0,1,[],"[[127,299]]",1,0,0.0,1.913620983199971,0.27006172839506176,0.6666666666666666,0.2910019146320097,0.9138889908790588,0.15019059910592517,0.4637872472660847,0.22885074215897147,2,ok,proposed_phase_vote
stu4_36,train,pull_up,6,2,4,"[[621,664],[868,902]]","[[56,113],[476,549],[578,684],[688,767],[838,907],[942,1015]]",31,2,0.5072511034932446,1.536647271372818,0.238778496461884,0.620082833397858,0.1364496843938341,0.7928611741911981,0.23066720975021693,0.5395382507677452,0.2676475321153553,2,ok,proposed_phase_vote
stu5_34,train,pull_up,52,51,1,"[[96,107],[107,118],[118,129],[139,150],[150,161],[161,172],[172,183],[183,194],[194,205],[205,216],[216,227],[227,239],[239,250],[250,262],[262,274],[274,287],[287,300],[300,324],[324,344],[360,384],[448,459],[459,469],[469,480],[480,492],[492,515],[515,532],[532,552],[552,573],[586,599],[599,614],[701,713],[713,725],[725,736],[736,748],[748,771],[771,791],[791,817],[993,1005],[1005,1016],[1016,1027],[1027,1038],[1038,1050],[1050,1075],[1075,1095],[1095,1121],[1174,1208],[1298,1356],[1356,1373],[1373,1392],[1392,1410],[1410,1435]]","[[91,102],[102,113],[113,124],[124,136],[136,145],[145,156],[156,167],[168,179],[179,189],[189,201],[201,211],[211,222],[222,234],[234,246],[246,256],[256,269],[269,281],[281,294],[294,309],[314,331],[440,453],[453,465],[465,475],[475,486],[486,499],[499,523],[524,542],[542,562],[562,586],[696,709],[709,720],[720,731],[731,743],[743,755],[755,779],[779,803],[804,829],[976,988],[988,1000],[1000,1011],[1011,1022],[1022,1034],[1034,1045],[1045,1058],[1068,1084],[1088,1103],[1103,1130],[1347,1366],[1366,1384],[1384,1401],[1402,1417],[1417,1445]]",83,51,0.6829249752934821,1.1894231959644272,0.11667728881657694,0.4472601122550761,0.4799335928736112,0.8267108130167766,0.32321340695505224,0.7659473486760111,0.4179524117023537,2,ok,proposed_phase_vote
stu5_44,train,push_up,12,11,1,"[[187,232],[232,287],[287,341],[341,406],[406,465],[465,508],[701,814],[814,928],[1081,1210],[1237,1307],[1386,1446]]","[[148,205],[205,256],[256,315],[315,373],[373,430],[430,493],[913,972],[972,1044],[1045,1121],[1179,1257],[1257,1333],[1333,1421]]",25,11,0.553664169537202,1.553450105564476,0.20350342681006844,0.7072457013733117,0.3399086838348721,0.8694522209962209,0.22611098217703704,0.5824507862528342,0.21823785243134694,2,ok,proposed_phase_vote
stu6_27,train,pull_up,5,2,3,"[[164,190],[298,375]]","[[2,64],[67,130],[178,256],[268,325],[343,404]]",9,2,0.4638842470095157,1.3892120094509024,0.24384344051010715,0.5403603312309171,0.1870064712122602,0.8340296060950668,0.25410558887823814,0.5281522080701472,0.32490233796310836,2,ok,proposed_phase_vote
stu6_45,train,push_up,10,9,1,"[[123,207],[207,289],[289,370],[370,450],[450,526],[526,606],[606,686],[686,766],[766,841]]","[[75,155],[156,258],[259,339],[339,408],[408,489],[489,552],[552,630],[630,711],[711,790],[795,866]]",9,9,0.6516616852584333,1.5318214483017567,0.12366705007584981,0.7715791442120308,0.7538497814067769,0.957439848670253,0.22918706793161508,0.7066619079742444,0.18256456575792882,2,ok,proposed_phase_vote
stu7_46,train,push_up,16,12,4,"[[25,57],[89,118],[118,153],[183,217],[671,707],[707,742],[742,779],[779,818],[818,859],[859,899],[899,940],[940,982]]","[[9,41],[41,72],[72,106],[106,136],[136,170],[171,201],[201,234],[643,691],[691,724],[724,763],[763,801],[801,842],[842,885],[885,923],[923,964],[965,1010]]",25,12,0.6834247527305627,1.3340525705576576,0.1476368378835582,0.6503648950854614,0.47904183028615854,0.8303051489591599,0.2831492491032684,0.6831119582865499,0.24481738490882696,2,ok,proposed_phase_vote
stu8_39,train,pull_up,16,8,8,"[[114,145],[145,174],[274,310],[322,347],[432,454],[636,653],[653,681],[681,696]]","[[1,22],[22,48],[48,73],[73,123],[123,159],[159,200],[200,240],[240,294],[294,336],[336,379],[379,423],[423,481],[481,534],[534,584],[584,638],[638,690]]",36,8,0.5784687585739251,1.1154948884239624,0.24698662622813622,0.28440334039367166,0.25371976833812304,0.817159838422581,0.3427788355473979,0.530279165430752,0.5625373798595713,2,ok,proposed_phase_vote
stu8_68,train,squat,3,2,1,"[[142,180],[180,229]]","[[113,160],[160,210],[210,272]]",2,2,0.6107471843829249,1.944625291240487,0.10060060060060061,0.6520766201217328,0.6378262195235532,0.943738708893458,0.15726723323792732,0.7842984648284829,0.25634100084850314,2,ok,proposed_phase_vote
stu9_42,train,pull_up,30,22,8,"[[213,238],[238,273],[273,302],[302,334],[334,358],[358,392],[392,417],[417,446],[446,476],[476,506],[506,541],[541,568],[568,593],[593,621],[621,655],[655,683],[683,708],[708,738],[738,774],[774,807],[807,839],[839,873]]","[[183,221],[221,251],[251,282],[282,313],[313,344],[344,372],[372,402],[402,431],[431,461],[461,491],[491,520],[520,549],[549,576],[577,607],[607,634],[634,663],[663,692],[692,723],[723,751],[752,784],[784,816],[816,848],[848,881],[881,915],[915,952],[952,991],[991,1029],[1029,1072],[1072,1119],[1179,1229]]",42,22,0.5709093211493351,1.1139382582075354,0.15310845814958,0.5873172646062659,0.39344553188267173,0.813540538152059,0.3501692943735707,0.6749907484158001,0.28909706417042474,2,ok,proposed_phase_vote
stu9_54,train,push_up,26,13,13,"[[178,232],[232,286],[286,340],[340,386],[386,429],[564,585],[683,745],[914,971],[971,1030],[1486,1534],[1534,1577],[1577,1624],[1706,1744]]","[[145,207],[208,265],[265,310],[310,359],[359,405],[405,448],[449,523],[523,593],[593,654],[654,708],[708,764],[764,819],[819,875],[875,946],[946,1000],[1000,1053],[1053,1106],[1106,1149],[1149,1199],[1199,1338],[1338,1471],[1476,1528],[1528,1573],[1573,1627],[1627,1672],[1672,1766]]",47,13,0.5553015391110634,1.231350037837605,0.13679623961787096,0.6966021493811587,0.2814771268287153,0.7814741187484552,0.31154892851505106,0.703397708912347,0.22666381897067056,2,ok,proposed_phase_vote
test2298,train,squat,2,0,2,[],"[[22,94],[149,220]]",3,0,0.0,1.4127684802571687,0.22457225314368168,0.6598463265129931,0.15489025089215847,0.779134621222814,0.27475493043397153,0.5475654400821569,0.2496948594120398,2,ok,proposed_phase_vote
test2317,train,squat,3,2,1,"[[56,105],[105,147]]","[[21,108],[109,196],[196,284]]",9,2,0.5015090932040798,1.3477256126176838,0.17434379069725908,0.5174870383574155,0.210199286637869,0.8102626546665475,0.2686975430230206,0.6385572469859596,0.32638406326285696,2,ok,proposed_phase_vote
test2323,train,squat,2,0,2,[],"[[0,129],[144,292]]",2,0,0.0,1.7099915964769294,0.21428571428571427,0.5624624624624625,0.16409489355685264,0.7710916449626287,0.19435489207809284,0.5611887523984928,0.3196281246820378,2,ok,proposed_phase_vote
stu10_39,valid,pull_up,10,8,2,"[[45,84],[84,123],[123,164],[164,201],[329,365],[724,744],[852,882],[882,911]]","[[62,102],[102,139],[139,181],[181,223],[223,269],[269,342],[342,398],[398,459],[459,539],[774,897]]",30,8,0.5315155950424207,1.4150699834904819,0.21528369824335097,0.5677899748390736,0.23135883898111256,0.8238756736119588,0.25952255115480727,0.5778345116663853,0.2992421800306867,2,ok,proposed_phase_vote
stu1_39,valid,pull_up,6,6,0,"[[169,224],[224,279],[335,394],[478,571],[571,604],[832,888]]","[[49,99],[99,143],[143,190],[190,256],[324,365],[365,415]]",33,6,0.5338280432790716,1.511530644626108,0.2222194293879519,0.6205638195357718,0.20293759704643,0.7462518930134147,0.2253161492144658,0.5512562595815916,0.2613526291465142,2,ok,proposed_phase_vote
stu1_47,valid,push_up,6,4,2,"[[179,275],[275,368],[368,452],[452,554]]","[[63,138],[138,216],[216,300],[300,404],[404,497],[497,579]]",6,4,0.5942606691167664,1.5327865280384458,0.17643973936050072,0.7430947463371331,0.5213767456738331,0.8020911365747452,0.2248957056884409,0.6083978423097033,0.1944991656014717,2,ok,proposed_phase_vote
stu3_50,valid,push_up,28,27,1,"[[35,68],[68,102],[102,137],[137,174],[174,209],[209,245],[245,291],[291,330],[330,374],[374,416],[416,459],[459,501],[501,544],[544,589],[589,632],[632,678],[678,723],[723,769],[769,817],[817,863],[863,910],[910,955],[955,1001],[1001,1051],[1051,1102],[1102,1153],[1153,1202]]","[[21,49],[49,89],[89,123],[123,155],[155,192],[192,226],[226,264],[264,309],[309,347],[347,387],[387,435],[435,481],[481,532],[532,569],[569,614],[614,661],[661,704],[704,756],[756,803],[803,852],[852,892],[892,941],[941,982],[982,1028],[1028,1076],[1076,1134],[1134,1178],[1178,1230]]",27,27,0.7429057602489754,1.00362278487027,0.09606665564944333,0.6619775197593804,0.9043428932780158,0.9370139778396229,0.37305873418377355,0.7645609514299626,0.23122854527784112,2,ok,proposed_phase_vote
stu3_66,valid,squat,9,8,1,"[[197,250],[250,303],[303,356],[356,409],[409,465],[465,518],[568,618],[618,668]]","[[180,227],[227,282],[282,337],[337,391],[392,450],[450,494],[494,553],[553,600],[600,649]]",11,8,0.5931822871666299,1.7251205769453257,0.1411382989305067,0.6395797703344873,0.5018455573580753,0.9066555265224341,0.18862202730120314,0.6772717569325405,0.25024829247854785,2,ok,proposed_phase_vote
stu5_71,valid,squat,19,17,2,"[[39,98],[98,154],[154,214],[214,277],[277,342],[342,400],[400,460],[460,511],[511,561],[561,610],[610,656],[656,712],[765,815],[815,866],[866,914],[914,968],[968,1014]]","[[19,64],[64,118],[118,185],[185,244],[244,308],[308,369],[369,425],[425,486],[486,539],[539,590],[590,634],[634,684],[684,736],[736,787],[787,839],[839,889],[889,942],[942,989],[989,1030]]",18,17,0.679701219635123,1.0381130682092379,0.13512070493518402,0.7399821760694643,0.8175931405194065,0.8069623515561775,0.37005994515835894,0.690559710716771,0.20005363632764103,2,ok,proposed_phase_vote
stu6_57,valid,squat,15,9,6,"[[92,168],[315,388],[467,531],[531,599],[674,758],[1152,1226],[1226,1309],[1309,1378],[1453,1540]]","[[45,126],[127,210],[210,275],[275,358],[358,421],[421,494],[496,564],[564,639],[639,712],[712,802],[1121,1201],[1203,1270],[1273,1355],[1355,1421],[1422,1495]]",24,9,0.5442377602316107,1.5202370880094778,0.2519018592797406,0.6062426268405895,0.31077151323658975,0.805345382127497,0.22464439964560853,0.5044947192639923,0.2667056376691511,2,ok,proposed_phase_vote
stu7_66,valid,squat,13,11,2,"[[36,105],[177,266],[266,342],[342,422],[422,494],[494,573],[573,647],[647,714],[714,796],[796,862],[862,937]]","[[6,65],[65,134],[138,202],[209,293],[295,374],[377,446],[446,524],[524,600],[600,670],[674,746],[749,819],[819,888],[892,965]]",12,11,0.5476309872041333,1.4077404259389599,0.145424055158501,0.7103081700059518,0.499077831380984,0.9013946006695429,0.26935003721113987,0.6654143059372252,0.2100409669405752,2,ok,proposed_phase_vote
stu8_37,valid,pull_up,10,8,2,"[[347,364],[428,452],[602,618],[811,839],[924,950],[1064,1098],[1184,1226],[1238,1260]]","[[122,231],[231,315],[315,402],[402,493],[493,580],[580,680],[680,784],[784,908],[908,1044],[1044,1199]]",57,8,0.5099645871922569,1.3232662162683553,0.3033042640717301,0.4394639609621208,0.18920208531712018,0.7993364493575013,0.27269417040191,0.45668377942863475,0.40134943409542784,2,ok,proposed_phase_vote
train2716,valid,push_up,10,0,10,[],"[[1,32],[32,62],[62,90],[90,121],[121,154],[154,183],[183,213],[213,244],[244,272],[273,299]]",8,0,0.0,0.962366116760129,0.09568373965070494,0.30805001956317746,0.15185227162881837,0.8636217191815376,0.4454316611509435,0.8029251286863714,0.5732073303959027,2,ok,proposed_phase_vote
